{
  "rewrites": [
    { "source": "/api/:path*", "destination": "/api/:path*" },
    { "source": "/sw.js", "destination": "/sw.js" },
    { "source": "/manifest.json", "destination": "/manifest.json" },
    { "source": "/icon-:size.png", "destination": "/icon-:size.png" },
    { "source": "/assets/:path*", "destination": "/assets/:path*" },
    { "source": "/(.*)", "destination": "/index.html" }
  ],
  "headers": [
    {
      "source": "/(.*)",
      "headers": [
        { "key": "X-Frame-Options", "value": "DENY" },
        { "key": "Referrer-Policy", "value": "strict-origin-when-cross-origin" }
      ]
    }
  ]
}
